mode,arch,dataset,val_size,max_epochs,batch_size,pretrain_mode,window_length,window_time_stride,window_patt_stride,learning_rate,random_state,pretrained,cv_rep,nepochs,best_model,total_params,trainable_params,metrics_csv,val_acc,val_f1,val_auroc,test_acc,test_f1,test_auroc,exc,train_exc_limit,train_strat_size,train_event_mult,nevents_test,nevents_train_lim,nevents_train_tot,time_dm,time_train,time_total
ts,rnn,CBF,0.25,120,128,False,70,1,1,0.0001,0,False,3,120,training/finetune/CBF_ts_rnn/logs/exc32_avev32_tstrat2_tmult4_ststest200_wlen70_val0.25_me120_bs128_lr0.0001_rs0_cv3/checkpoints/epoch=109-step=31680.ckpt,413139,413139,training/finetune/CBF_ts_rnn/logs/exc32_avev32_tstrat2_tmult4_ststest200_wlen70_val0.25_me120_bs128_lr0.0001_rs0_cv3/metrics.csv,0.6071719527244568,0.6071719527244568,0.3731045424938202,0.572917103767395,0.572917103767395,0.3055892288684845,32,32,2,4,200,384,384,16.575279956683517,6124.345687767491,6140.920967724174
ts,rnn,CBF,0.25,120,128,False,10,1,1,0.0001,0,False,3,120,training/finetune/CBF_ts_rnn/logs/exc32_avev32_tstrat2_tmult4_ststest200_wlen10_val0.25_me120_bs128_lr0.0001_rs0_cv3/checkpoints/epoch=14-step=4320.ckpt,105939,105939,training/finetune/CBF_ts_rnn/logs/exc32_avev32_tstrat2_tmult4_ststest200_wlen10_val0.25_me120_bs128_lr0.0001_rs0_cv3/metrics.csv,0.3878713846206665,0.3878713846206665,0.2799109816551208,0.3910273909568786,0.3910273909568786,0.240912914276123,32,32,2,4,200,384,384,32.35621049627662,13538.470827838406,13570.827038334684
ts,rnn,CBF,0.25,120,128,False,30,1,1,0.0001,0,False,3,120,training/finetune/CBF_ts_rnn/logs/exc32_avev32_tstrat2_tmult4_ststest200_wlen30_val0.25_me120_bs128_lr0.0001_rs0_cv3/checkpoints/epoch=2-step=864.ckpt,208339,208339,training/finetune/CBF_ts_rnn/logs/exc32_avev32_tstrat2_tmult4_ststest200_wlen30_val0.25_me120_bs128_lr0.0001_rs0_cv3/metrics.csv,0.4603420197963714,0.4603420197963714,0.3058740198612213,0.4759278893470764,0.4759278893470764,0.2491755485534668,32,32,2,4,200,384,384,32.03164763376117,14738.293453078715,14770.325100712478
ts,rnn,CBF,0.25,120,128,False,50,1,1,0.0001,0,False,3,120,training/finetune/CBF_ts_rnn/logs/exc32_avev32_tstrat2_tmult4_ststest200_wlen50_val0.25_me120_bs128_lr0.0001_rs0_cv3/checkpoints/epoch=89-step=25920.ckpt,310739,310739,training/finetune/CBF_ts_rnn/logs/exc32_avev32_tstrat2_tmult4_ststest200_wlen50_val0.25_me120_bs128_lr0.0001_rs0_cv3/metrics.csv,0.534256637096405,0.534256637096405,0.3410288393497467,0.580727219581604,0.580727219581604,0.30281808972358704,32,32,2,4,200,384,384,20.428472680971026,21084.261112863198,21104.68958554417
