mode,arch,dataset,val_size,max_epochs,batch_size,pretrain_mode,window_length,window_time_stride,window_patt_stride,learning_rate,random_state,pretrained,cv_rep,nepochs,best_model,total_params,trainable_params,metrics_csv,val_acc,val_f1,val_auroc,test_acc,test_f1,test_auroc,exc,train_exc_limit,train_strat_size,train_event_mult,nevents_test,nevents_train_lim,nevents_train_tot,time_dm,time_train,time_total
ts,rnn,GunPoint,0.25,120,128,False,30,1,1,0.0001,0,False,2,120,training/finetune/GunPoint_ts_rnn/logs/exc32_avev32_tstrat2_tmult4_ststest200_wlen30_val0.25_me120_bs128_lr0.0001_rs0_cv2/checkpoints/epoch=12-step=2925.ckpt,208274,208274,training/finetune/GunPoint_ts_rnn/logs/exc32_avev32_tstrat2_tmult4_ststest200_wlen30_val0.25_me120_bs128_lr0.0001_rs0_cv2/metrics.csv,0.538886547088623,0.538886547088623,0.254011869430542,0.5028862953186035,0.5028862953186035,0.1915760189294815,32,32,2,4,200,256,256,18.425477903336287,6280.445951398462,6298.871429301798
ts,rnn,GunPoint,0.25,120,128,False,10,1,1,0.0001,0,False,2,120,training/finetune/GunPoint_ts_rnn/logs/exc32_avev32_tstrat2_tmult4_ststest200_wlen10_val0.25_me120_bs128_lr0.0001_rs0_cv2/checkpoints/epoch=5-step=1350.ckpt,105874,105874,training/finetune/GunPoint_ts_rnn/logs/exc32_avev32_tstrat2_tmult4_ststest200_wlen10_val0.25_me120_bs128_lr0.0001_rs0_cv2/metrics.csv,0.528915286064148,0.528915286064148,0.2497181594371795,0.527493417263031,0.527493417263031,0.2039151489734649,32,32,2,4,200,256,256,11.999971656128764,9126.003370963035,9138.003342619166
ts,rnn,GunPoint,0.25,120,128,False,50,1,1,0.0001,0,False,2,120,training/finetune/GunPoint_ts_rnn/logs/exc32_avev32_tstrat2_tmult4_ststest200_wlen50_val0.25_me120_bs128_lr0.0001_rs0_cv2/checkpoints/epoch=63-step=14400.ckpt,310674,310674,training/finetune/GunPoint_ts_rnn/logs/exc32_avev32_tstrat2_tmult4_ststest200_wlen50_val0.25_me120_bs128_lr0.0001_rs0_cv2/metrics.csv,0.5363513231277466,0.5363513231277466,0.2824909687042236,0.5194831490516663,0.5194831490516663,0.2044918239116668,32,32,2,4,200,256,256,14.425262359902264,11712.30749276653,11726.732755126432
ts,rnn,GunPoint,0.25,120,128,False,70,1,1,0.0001,0,False,2,120,training/finetune/GunPoint_ts_rnn/logs/exc32_avev32_tstrat2_tmult4_ststest200_wlen70_val0.25_me120_bs128_lr0.0001_rs0_cv2/checkpoints/epoch=98-step=22275.ckpt,413074,413074,training/finetune/GunPoint_ts_rnn/logs/exc32_avev32_tstrat2_tmult4_ststest200_wlen70_val0.25_me120_bs128_lr0.0001_rs0_cv2/metrics.csv,0.5657482743263245,0.5657482743263245,0.31348568201065063,0.5767650008201599,0.5767650008201599,0.21762076020240784,32,32,2,4,200,256,256,12.039809573441744,12275.942281216383,12287.982090789825
