mode,arch,dataset,val_size,max_epochs,batch_size,pretrain_mode,window_length,window_time_stride,window_patt_stride,learning_rate,random_state,pretrained,cv_rep,nepochs,best_model,total_params,trainable_params,metrics_csv,val_acc,val_f1,val_auroc,test_acc,test_f1,test_auroc,exc,train_exc_limit,train_strat_size,train_event_mult,nevents_test,nevents_train_lim,nevents_train_tot,time_dm,time_train,time_total
ts,res,SyntheticControl,0.25,120,128,False,10,1,1,0.0001,0,False,1,120,training/finetune/SyntheticControl_ts_res/logs/exc32_avev32_tstrat2_tmult4_ststest200_wlen10_val0.25_me120_bs128_lr0.0001_rs0_cv1/checkpoints/epoch=3-step=1080.ckpt,98198,98198,training/finetune/SyntheticControl_ts_res/logs/exc32_avev32_tstrat2_tmult4_ststest200_wlen10_val0.25_me120_bs128_lr0.0001_rs0_cv1/metrics.csv,0.4981331825256347,0.4981331825256347,0.3689383864402771,0.4996246695518493,0.4996246695518493,0.3492102921009063,32,32,2,4,200,768,768,21.49459327571094,8009.402190107852,8030.896783383563
ts,res,SyntheticControl,0.25,120,128,False,50,1,1,0.0001,0,False,1,120,training/finetune/SyntheticControl_ts_res/logs/exc32_avev32_tstrat2_tmult4_ststest200_wlen50_val0.25_me120_bs128_lr0.0001_rs0_cv1/checkpoints/epoch=16-step=4590.ckpt,98198,98198,training/finetune/SyntheticControl_ts_res/logs/exc32_avev32_tstrat2_tmult4_ststest200_wlen50_val0.25_me120_bs128_lr0.0001_rs0_cv1/metrics.csv,0.5063005089759827,0.5063005089759827,0.3613865673542022,0.5098334550857544,0.5098334550857544,0.3311034440994262,32,32,2,4,200,768,768,20.43777548521757,8884.978423710912,8905.41619919613
ts,res,SyntheticControl,0.25,120,128,False,30,1,1,0.0001,0,False,1,120,training/finetune/SyntheticControl_ts_res/logs/exc32_avev32_tstrat2_tmult4_ststest200_wlen30_val0.25_me120_bs128_lr0.0001_rs0_cv1/checkpoints/epoch=54-step=14850.ckpt,98198,98198,training/finetune/SyntheticControl_ts_res/logs/exc32_avev32_tstrat2_tmult4_ststest200_wlen30_val0.25_me120_bs128_lr0.0001_rs0_cv1/metrics.csv,0.5522932410240173,0.5522932410240173,0.3623479604721069,0.5569387674331665,0.5569387674331665,0.3493120074272156,32,32,2,4,200,768,768,22.79613178409636,9921.283898143098,9944.080029927194
ts,res,SyntheticControl,0.25,120,128,False,70,1,1,0.0001,0,False,1,120,training/finetune/SyntheticControl_ts_res/logs/exc32_avev32_tstrat2_tmult4_ststest200_wlen70_val0.25_me120_bs128_lr0.0001_rs0_cv1/checkpoints/epoch=6-step=1890.ckpt,98198,98198,training/finetune/SyntheticControl_ts_res/logs/exc32_avev32_tstrat2_tmult4_ststest200_wlen70_val0.25_me120_bs128_lr0.0001_rs0_cv1/metrics.csv,0.469570517539978,0.469570517539978,0.3467397689819336,0.4002012014389038,0.4002012014389038,0.3002701997756958,32,32,2,4,200,768,768,20.43734499812126,9879.692001525313,9900.129346523434
