mode,arch,dataset,val_size,max_epochs,batch_size,pretrain_mode,window_length,window_time_stride,window_patt_stride,learning_rate,random_state,pretrained,cv_rep,nepochs,best_model,total_params,trainable_params,metrics_csv,val_acc,val_f1,val_auroc,test_acc,test_f1,test_auroc,exc,train_exc_limit,train_strat_size,train_event_mult,nevents_test,nevents_train_lim,nevents_train_tot,time_dm,time_train,time_total
ts,res,Trace,0.25,120,128,False,10,1,1,0.0001,0,False,2,120,training/finetune/Trace_ts_res/logs/exc32_avev32_tstrat2_tmult4_ststest200_wlen10_val0.25_me120_bs128_lr0.0001_rs0_cv2/checkpoints/epoch=1-step=826.ckpt,97938,97938,training/finetune/Trace_ts_res/logs/exc32_avev32_tstrat2_tmult4_ststest200_wlen10_val0.25_me120_bs128_lr0.0001_rs0_cv2/metrics.csv,0.5319656729698181,0.5319656729698181,0.1298668682575225,0.516030490398407,0.516030490398407,0.1027598530054092,32,32,2,4,200,256,256,71.50591544806957,22523.494544206187,22595.000459654257
ts,res,Trace,0.25,120,128,False,50,1,1,0.0001,0,False,2,120,training/finetune/Trace_ts_res/logs/exc32_avev32_tstrat2_tmult4_ststest200_wlen50_val0.25_me120_bs128_lr0.0001_rs0_cv2/checkpoints/epoch=3-step=1652.ckpt,97938,97938,training/finetune/Trace_ts_res/logs/exc32_avev32_tstrat2_tmult4_ststest200_wlen50_val0.25_me120_bs128_lr0.0001_rs0_cv2/metrics.csv,0.577187716960907,0.577187716960907,0.1517573446035385,0.5013375878334045,0.5013375878334045,0.1137745082378387,32,32,2,4,200,256,256,64.57383330725133,31970.84709209204,32035.42092539929
ts,res,Trace,0.25,120,128,False,30,1,1,0.0001,0,False,2,120,training/finetune/Trace_ts_res/logs/exc32_avev32_tstrat2_tmult4_ststest200_wlen30_val0.25_me120_bs128_lr0.0001_rs0_cv2/checkpoints/epoch=104-step=43365.ckpt,97938,97938,training/finetune/Trace_ts_res/logs/exc32_avev32_tstrat2_tmult4_ststest200_wlen30_val0.25_me120_bs128_lr0.0001_rs0_cv2/metrics.csv,0.6009549498558044,0.6009549498558044,0.1577749848365783,0.5390310883522034,0.5390310883522034,0.1152954921126365,32,32,2,4,200,256,256,38.547484481707215,36918.031822863966,36956.57930734567
ts,res,Trace,0.25,120,128,False,70,1,1,0.0001,0,False,2,120,training/finetune/Trace_ts_res/logs/exc32_avev32_tstrat2_tmult4_ststest200_wlen70_val0.25_me120_bs128_lr0.0001_rs0_cv2/checkpoints/epoch=0-step=413.ckpt,97938,97938,training/finetune/Trace_ts_res/logs/exc32_avev32_tstrat2_tmult4_ststest200_wlen70_val0.25_me120_bs128_lr0.0001_rs0_cv2/metrics.csv,0.6338869333267212,0.6338869333267212,0.1501014083623886,0.5849004983901978,0.5849004983901978,0.1152547150850296,32,32,2,4,200,256,256,35.4550518784672,162720.67471418343,162756.1297660619
