mode,arch,dataset,val_size,max_epochs,batch_size,pretrain_mode,window_length,window_time_stride,window_patt_stride,learning_rate,random_state,pretrained,cv_rep,nepochs,best_model,total_params,trainable_params,metrics_csv,val_acc,val_f1,val_auroc,test_acc,test_f1,test_auroc,exc,train_exc_limit,train_strat_size,train_event_mult,nevents_test,nevents_train_lim,nevents_train_tot,time_dm,time_train,time_total
ts,rnn,SyntheticControl,0.25,120,128,False,10,1,1,0.0001,0,False,0,120,training/finetune/SyntheticControl_ts_rnn/logs/exc32_avev32_tstrat2_tmult4_ststest200_wlen10_val0.25_me120_bs128_lr0.0001_rs0_cv0/checkpoints/epoch=60-step=16470.ckpt,106134,106134,training/finetune/SyntheticControl_ts_rnn/logs/exc32_avev32_tstrat2_tmult4_ststest200_wlen10_val0.25_me120_bs128_lr0.0001_rs0_cv0/metrics.csv,0.3981071412563324,0.3981071412563324,0.345475822687149,0.3570773303508758,0.3570773303508758,0.3115864098072052,32,32,2,4,200,768,768,29.12620781175792,9515.782226819543,9544.908434631305
ts,rnn,SyntheticControl,0.25,120,128,False,30,1,1,0.0001,0,False,0,120,training/finetune/SyntheticControl_ts_rnn/logs/exc32_avev32_tstrat2_tmult4_ststest200_wlen30_val0.25_me120_bs128_lr0.0001_rs0_cv0/checkpoints/epoch=29-step=8100.ckpt,208534,208534,training/finetune/SyntheticControl_ts_rnn/logs/exc32_avev32_tstrat2_tmult4_ststest200_wlen30_val0.25_me120_bs128_lr0.0001_rs0_cv0/metrics.csv,0.4241660833358764,0.4241660833358764,0.3247972726821899,0.3707076609134674,0.3707076609134674,0.2943345308303833,32,32,2,4,200,768,768,18.27416877634824,17799.781191555783,17818.05536033213
ts,rnn,SyntheticControl,0.25,120,128,False,50,1,1,0.0001,0,False,0,120,training/finetune/SyntheticControl_ts_rnn/logs/exc32_avev32_tstrat2_tmult4_ststest200_wlen50_val0.25_me120_bs128_lr0.0001_rs0_cv0/checkpoints/epoch=60-step=16470.ckpt,310934,310934,training/finetune/SyntheticControl_ts_rnn/logs/exc32_avev32_tstrat2_tmult4_ststest200_wlen50_val0.25_me120_bs128_lr0.0001_rs0_cv0/metrics.csv,0.4465108215808868,0.4465108215808868,0.3562416732311249,0.4146790504455566,0.4146790504455566,0.3212713599205017,32,32,2,4,200,768,768,16.99424415268004,29797.13279067725,29814.12703482993
ts,rnn,SyntheticControl,0.25,120,128,False,70,1,1,0.0001,0,False,0,120,training/finetune/SyntheticControl_ts_rnn/logs/exc32_avev32_tstrat2_tmult4_ststest200_wlen70_val0.25_me120_bs128_lr0.0001_rs0_cv0/checkpoints/epoch=86-step=23490.ckpt,413334,413334,training/finetune/SyntheticControl_ts_rnn/logs/exc32_avev32_tstrat2_tmult4_ststest200_wlen70_val0.25_me120_bs128_lr0.0001_rs0_cv0/metrics.csv,0.41436272859573364,0.41436272859573364,0.3422853350639343,0.4026322364807129,0.4026322364807129,0.302093505859375,32,32,2,4,200,768,768,18.593641068786383,144872.34542492218,144890.93906599097
