mode,arch,dataset,val_size,max_epochs,batch_size,pretrain_mode,window_length,window_time_stride,window_patt_stride,learning_rate,random_state,pretrained,cv_rep,nepochs,best_model,total_params,trainable_params,metrics_csv,val_acc,val_f1,val_auroc,test_acc,test_f1,test_auroc,exc,train_exc_limit,train_strat_size,train_event_mult,nevents_test,nevents_train_lim,nevents_train_tot,time_dm,time_train,time_total,stride_series
df,cnn,ECG200,0.25,120,128,False,10,1,1,0.0001,0,False,3,120,training/finetune/ECG200_df_cnn/logs/exc32_avev32_tstrat2_tmult4_ststest200_wlen10_stride0_wtst1_wpst1_val0.25_me120_bs128_lr0.0001_rs0_cv3/checkpoints/epoch=4-step=720.ckpt,185884,185884,training/finetune/ECG200_df_cnn/logs/exc32_avev32_tstrat2_tmult4_ststest200_wlen10_stride0_wtst1_wpst1_val0.25_me120_bs128_lr0.0001_rs0_cv3/metrics.csv,0.5674971342086792,0.5674971342086792,0.4199524521827698,0.5121684074401855,0.5121684074401855,0.2838525176048279,32,32,2,4,200,256,256,6.420832490548492,1532.0879857838154,1538.508818274364,
df,cnn,ECG200,0.25,120,128,False,10,5,1,0.0001,0,False,3,120,training/finetune/ECG200_df_cnn/logs/exc32_avev32_tstrat2_tmult4_ststest200_wlen10_stride0_wtst5_wpst1_val0.25_me120_bs128_lr0.0001_rs0_cv3/checkpoints/epoch=112-step=16272.ckpt,185884,185884,training/finetune/ECG200_df_cnn/logs/exc32_avev32_tstrat2_tmult4_ststest200_wlen10_stride0_wtst5_wpst1_val0.25_me120_bs128_lr0.0001_rs0_cv3/metrics.csv,0.6323601603507996,0.6323601603507996,0.4597106277942657,0.6059324145317078,0.6059324145317078,0.2780402600765228,32,32,2,4,200,256,256,5.76588398963213,1575.599371254444,1581.3652552440765,
df,cnn,ECG200,0.25,120,128,False,10,3,1,0.0001,0,False,3,120,training/finetune/ECG200_df_cnn/logs/exc32_avev32_tstrat2_tmult4_ststest200_wlen10_stride0_wtst3_wpst1_val0.25_me120_bs128_lr0.0001_rs0_cv3/checkpoints/epoch=96-step=13968.ckpt,185884,185884,training/finetune/ECG200_df_cnn/logs/exc32_avev32_tstrat2_tmult4_ststest200_wlen10_stride0_wtst3_wpst1_val0.25_me120_bs128_lr0.0001_rs0_cv3/metrics.csv,0.5951759815216064,0.5951759815216064,0.4552505016326904,0.5773905515670776,0.5773905515670776,0.3069728016853332,32,32,2,4,200,256,256,6.490339767187834,2439.1606336254627,2445.6509733926505,
df,cnn,ECG200,0.25,120,128,False,10,7,1,0.0001,0,False,3,120,training/finetune/ECG200_df_cnn/logs/exc32_avev32_tstrat2_tmult4_ststest200_wlen10_stride0_wtst7_wpst1_val0.25_me120_bs128_lr0.0001_rs0_cv3/checkpoints/epoch=115-step=16704.ckpt,185884,185884,training/finetune/ECG200_df_cnn/logs/exc32_avev32_tstrat2_tmult4_ststest200_wlen10_stride0_wtst7_wpst1_val0.25_me120_bs128_lr0.0001_rs0_cv3/metrics.csv,0.5910871624946594,0.5910871624946594,0.4678601324558258,0.5877463817596436,0.5877463817596436,0.2937170267105102,32,32,2,4,200,256,256,12.142176629975438,3164.837887201458,3176.9800638314337,
df,cnn,ECG200,0.25,120,128,False,10,7,1,0.0001,0,True,3,120,training/finetune/ECG200_df_cnn/logs/exc32_avev4_tstrat2_tmult4_ststest200_wlen10_stride0_wtst7_wpst1_val0.25_me120_bs128_lr0.0001_rs0_cv3/checkpoints/epoch=50-step=918.ckpt,185884,185884,training/finetune/ECG200_df_cnn/logs/exc32_avev4_tstrat2_tmult4_ststest200_wlen10_stride0_wtst7_wpst1_val0.25_me120_bs128_lr0.0001_rs0_cv3/metrics.csv,0.9426666498184204,0.9426666498184204,0.6504969000816345,0.5168277025222778,0.5168277025222778,0.2679931819438934,32,4,2,4,32,32,256,14.855077598243952,253.86941225267947,268.7244898509234,False
df,cnn,ECG200,0.25,120,128,False,10,7,1,0.0001,0,False,3,120,training/finetune/ECG200_df_cnn/logs/exc32_avev4_tstrat2_tmult4_ststest200_wlen10_stride0_wtst7_wpst1_val0.25_me120_bs128_lr0.0001_rs0_cv3/checkpoints/epoch=30-step=558.ckpt,185884,185884,training/finetune/ECG200_df_cnn/logs/exc32_avev4_tstrat2_tmult4_ststest200_wlen10_stride0_wtst7_wpst1_val0.25_me120_bs128_lr0.0001_rs0_cv3/metrics.csv,0.8226666450500488,0.8226666450500488,0.6286259293556213,0.5424858331680298,0.5424858331680298,0.3164325356483459,32,4,2,4,32,32,256,16.12629685178399,364.1615539956838,380.2878508474678,
df,cnn,ECG200,0.25,120,128,False,10,7,1,0.0001,0,True,3,120,training/finetune/ECG200_df_cnn/logs/exc32_avev4_tstrat2_tmult4_ststest200_wlen10_stride1_wtst7_wpst1_val0.25_me120_bs128_lr0.0001_rs0_cv3/checkpoints/epoch=65-step=1188.ckpt,185884,185884,training/finetune/ECG200_df_cnn/logs/exc32_avev4_tstrat2_tmult4_ststest200_wlen10_stride1_wtst7_wpst1_val0.25_me120_bs128_lr0.0001_rs0_cv3/metrics.csv,0.8679999709129333,0.8679999709129333,0.634644627571106,0.5478174090385437,0.5478174090385437,0.2961605191230774,32,4,2,4,32,32,256,12.5658400952816,264.2639678288251,276.8298079241067,True
df,cnn,ECG200,0.25,120,128,False,10,7,1,0.0001,0,False,3,120,training/finetune/ECG200_df_cnn/logs/exc32_avev8_tstrat2_tmult4_ststest200_wlen10_stride0_wtst7_wpst1_val0.25_me120_bs128_lr0.0001_rs0_cv3/checkpoints/epoch=2-step=108.ckpt,185884,185884,training/finetune/ECG200_df_cnn/logs/exc32_avev8_tstrat2_tmult4_ststest200_wlen10_stride0_wtst7_wpst1_val0.25_me120_bs128_lr0.0001_rs0_cv3/metrics.csv,0.5586297512054443,0.5586297512054443,0.539333164691925,0.6255557537078857,0.6255557537078857,0.3373456597328186,32,8,2,4,64,64,256,6.777551144361496,214.86252068728209,221.6400718316436,
df,cnn,ECG200,0.25,120,128,False,10,7,1,0.0001,0,False,3,120,training/finetune/ECG200_df_cnn/logs/exc32_avev16_tstrat2_tmult4_ststest200_wlen10_stride0_wtst7_wpst1_val0.25_me120_bs128_lr0.0001_rs0_cv3/checkpoints/epoch=56-step=4104.ckpt,185884,185884,training/finetune/ECG200_df_cnn/logs/exc32_avev16_tstrat2_tmult4_ststest200_wlen10_stride0_wtst7_wpst1_val0.25_me120_bs128_lr0.0001_rs0_cv3/metrics.csv,0.6008513569831848,0.6008513569831848,0.3836874067783355,0.650077760219574,0.650077760219574,0.2853537201881408,32,16,2,4,128,128,256,6.449656061828136,545.2725633364171,551.7222193982452,
df,cnn,ECG200,0.25,120,128,False,10,7,1,0.0001,0,True,3,120,training/finetune/ECG200_df_cnn/logs/exc32_avev8_tstrat2_tmult4_ststest200_wlen10_stride1_wtst7_wpst1_val0.25_me120_bs128_lr0.0001_rs0_cv3/checkpoints/epoch=5-step=216.ckpt,185884,185884,training/finetune/ECG200_df_cnn/logs/exc32_avev8_tstrat2_tmult4_ststest200_wlen10_stride1_wtst7_wpst1_val0.25_me120_bs128_lr0.0001_rs0_cv3/metrics.csv,0.6541501879692078,0.6541501879692078,0.6703373193740845,0.6141939759254456,0.6141939759254456,0.3139980435371399,32,8,2,4,64,64,256,14.87406966648996,599.4884609188884,614.3625305853784,True
df,cnn,ECG200,0.25,120,128,False,10,7,1,0.0001,0,True,3,120,training/finetune/ECG200_df_cnn/logs/exc32_avev8_tstrat2_tmult4_ststest200_wlen10_stride0_wtst7_wpst1_val0.25_me120_bs128_lr0.0001_rs0_cv3/checkpoints/epoch=8-step=324.ckpt,185884,185884,training/finetune/ECG200_df_cnn/logs/exc32_avev8_tstrat2_tmult4_ststest200_wlen10_stride0_wtst7_wpst1_val0.25_me120_bs128_lr0.0001_rs0_cv3/metrics.csv,0.7134387493133545,0.7134387493133545,0.7155241966247559,0.5687469244003296,0.5687469244003296,0.3120207488536834,32,8,2,4,64,64,256,17.711665399372578,824.0305244252086,841.7421898245811,False
df,cnn,ECG200,0.25,120,128,False,10,7,1,0.0001,0,True,3,120,training/finetune/ECG200_df_cnn/logs/exc32_avev16_tstrat2_tmult4_ststest200_wlen10_stride1_wtst7_wpst1_val0.25_me120_bs128_lr0.0001_rs0_cv3/checkpoints/epoch=77-step=5616.ckpt,185884,185884,training/finetune/ECG200_df_cnn/logs/exc32_avev16_tstrat2_tmult4_ststest200_wlen10_stride1_wtst7_wpst1_val0.25_me120_bs128_lr0.0001_rs0_cv3/metrics.csv,0.6335952877998352,0.6335952877998352,0.4551389515399933,0.6380453705787659,0.6380453705787659,0.3005745112895965,32,16,2,4,128,128,256,5.963470542803407,553.7355433236808,559.6990138664842,True
df,cnn,ECG200,0.25,120,128,False,10,7,1,0.0001,0,True,3,120,training/finetune/ECG200_df_cnn/logs/exc32_avev16_tstrat2_tmult4_ststest200_wlen10_stride0_wtst7_wpst1_val0.25_me120_bs128_lr0.0001_rs0_cv3/checkpoints/epoch=110-step=7992.ckpt,185884,185884,training/finetune/ECG200_df_cnn/logs/exc32_avev16_tstrat2_tmult4_ststest200_wlen10_stride0_wtst7_wpst1_val0.25_me120_bs128_lr0.0001_rs0_cv3/metrics.csv,0.6283562779426575,0.6283562779426575,0.4521266520023346,0.6026847958564758,0.6026847958564758,0.2865434885025024,32,16,2,4,128,128,256,7.184246787801385,1016.499080112204,1023.6833269000052,False
df,cnn,ECG200,0.25,120,128,False,10,7,1,0.0001,0,True,3,120,training/finetune/ECG200_df_cnn/logs/exc32_avev32_tstrat2_tmult4_ststest200_wlen10_stride1_wtst7_wpst1_val0.25_me120_bs128_lr0.0001_rs0_cv3/checkpoints/epoch=100-step=14544.ckpt,185884,185884,training/finetune/ECG200_df_cnn/logs/exc32_avev32_tstrat2_tmult4_ststest200_wlen10_stride1_wtst7_wpst1_val0.25_me120_bs128_lr0.0001_rs0_cv3/metrics.csv,0.6345086693763733,0.6345086693763733,0.4727822244167328,0.5854461789131165,0.5854461789131165,0.2963239848613739,32,32,2,4,200,256,256,14.79810493066907,5955.574105281383,5970.372210212052,True
df,cnn,ECG200,0.25,120,128,False,10,7,1,0.0001,0,True,3,120,training/finetune/ECG200_df_cnn/logs/exc32_avev32_tstrat2_tmult4_ststest200_wlen10_stride0_wtst7_wpst1_val0.25_me120_bs128_lr0.0001_rs0_cv3/checkpoints/epoch=112-step=16272.ckpt,185884,185884,training/finetune/ECG200_df_cnn/logs/exc32_avev32_tstrat2_tmult4_ststest200_wlen10_stride0_wtst7_wpst1_val0.25_me120_bs128_lr0.0001_rs0_cv3/metrics.csv,0.6296114921569824,0.6296114921569824,0.46695011854171753,0.5709655284881592,0.5709655284881592,0.29276782274246216,32,32,2,4,200,256,256,11.6840332262218,6379.659171136096,6391.343204362318,False
