mode,arch,dataset,val_size,max_epochs,batch_size,pretrain_mode,window_length,window_time_stride,window_patt_stride,learning_rate,random_state,pretrained,cv_rep,nepochs,best_model,total_params,trainable_params,metrics_csv,val_acc,val_f1,val_auroc,test_acc,test_f1,test_auroc,exc,train_exc_limit,train_strat_size,train_event_mult,nevents_test,nevents_train_lim,nevents_train_tot,time_dm,time_train,time_total,stride_series
df,res,ECG200,0.25,120,128,False,10,3,1,0.0001,0,False,2,120,training/finetune/ECG200_df_res/logs/exc32_avev32_tstrat2_tmult4_ststest200_wlen10_stride0_wtst3_wpst1_val0.25_me120_bs128_lr0.0001_rs0_cv2/checkpoints/epoch=86-step=12528.ckpt,141738,141738,training/finetune/ECG200_df_res/logs/exc32_avev32_tstrat2_tmult4_ststest200_wlen10_stride0_wtst3_wpst1_val0.25_me120_bs128_lr0.0001_rs0_cv2/metrics.csv,0.6983376741409302,0.6983376741409302,0.5310915112495422,0.5964317321777344,0.5964317321777344,0.2251803129911422,32,32,2,4,200,256,256,6.416668601334095,6131.103898465633,6137.520567066968,
df,res,ECG200,0.25,120,128,False,10,7,1,0.0001,0,False,2,120,training/finetune/ECG200_df_res/logs/exc32_avev32_tstrat2_tmult4_ststest200_wlen10_stride0_wtst7_wpst1_val0.25_me120_bs128_lr0.0001_rs0_cv2/checkpoints/epoch=97-step=14112.ckpt,141738,141738,training/finetune/ECG200_df_res/logs/exc32_avev32_tstrat2_tmult4_ststest200_wlen10_stride0_wtst7_wpst1_val0.25_me120_bs128_lr0.0001_rs0_cv2/metrics.csv,0.6870715022087097,0.6870715022087097,0.532145082950592,0.6204192638397217,0.6204192638397217,0.2292602807283401,32,32,2,4,200,256,256,6.8334481585770845,6685.84658369422,6692.680031852797,
df,res,ECG200,0.25,120,128,False,10,1,1,0.0001,0,False,2,120,training/finetune/ECG200_df_res/logs/exc32_avev32_tstrat2_tmult4_ststest200_wlen10_stride0_wtst1_wpst1_val0.25_me120_bs128_lr0.0001_rs0_cv2/checkpoints/epoch=89-step=12960.ckpt,141738,141738,training/finetune/ECG200_df_res/logs/exc32_avev32_tstrat2_tmult4_ststest200_wlen10_stride0_wtst1_wpst1_val0.25_me120_bs128_lr0.0001_rs0_cv2/metrics.csv,0.6536394953727722,0.6536394953727722,0.5038506388664246,0.4949710667133331,0.4949710667133331,0.2260212153196334,32,32,2,4,200,256,256,6.577662514522672,8701.256547089666,8707.834209604189,
df,res,ECG200,0.25,120,128,False,10,5,1,0.0001,0,False,2,120,training/finetune/ECG200_df_res/logs/exc32_avev32_tstrat2_tmult4_ststest200_wlen10_stride0_wtst5_wpst1_val0.25_me120_bs128_lr0.0001_rs0_cv2/checkpoints/epoch=54-step=7920.ckpt,141738,141738,training/finetune/ECG200_df_res/logs/exc32_avev32_tstrat2_tmult4_ststest200_wlen10_stride0_wtst5_wpst1_val0.25_me120_bs128_lr0.0001_rs0_cv2/metrics.csv,0.6874898076057434,0.6874898076057434,0.5134730935096741,0.5445715188980103,0.5445715188980103,0.2325073480606079,32,32,2,4,200,256,256,6.474183443933725,7751.738656964153,7758.212840408087,
df,res,ECG200,0.25,120,128,False,10,7,1,0.0001,0,True,2,120,training/finetune/ECG200_df_res/logs/exc32_avev4_tstrat2_tmult4_ststest200_wlen10_stride0_wtst7_wpst1_val0.25_me120_bs128_lr0.0001_rs0_cv2/checkpoints/epoch=83-step=1512.ckpt,141738,141738,training/finetune/ECG200_df_res/logs/exc32_avev4_tstrat2_tmult4_ststest200_wlen10_stride0_wtst7_wpst1_val0.25_me120_bs128_lr0.0001_rs0_cv2/metrics.csv,0.7519999742507935,0.7519999742507935,0.5323395133018494,0.5654781460762024,0.5654781460762024,0.2129513919353485,32,4,2,4,32,32,256,6.594968853518367,841.5416518189013,848.1366206724197,False
df,res,ECG200,0.25,120,128,False,10,7,1,0.0001,0,True,2,120,training/finetune/ECG200_df_res/logs/exc32_avev4_tstrat2_tmult4_ststest200_wlen10_stride1_wtst7_wpst1_val0.25_me120_bs128_lr0.0001_rs0_cv2/checkpoints/epoch=50-step=918.ckpt,141738,141738,training/finetune/ECG200_df_res/logs/exc32_avev4_tstrat2_tmult4_ststest200_wlen10_stride1_wtst7_wpst1_val0.25_me120_bs128_lr0.0001_rs0_cv2/metrics.csv,0.7879999876022339,0.7879999876022339,0.5160486102104187,0.5698100924491882,0.5698100924491882,0.1982449889183044,32,4,2,4,32,32,256,6.63247106410563,931.0443580113352,937.6768290754408,True
df,res,ECG200,0.25,120,128,False,10,7,1,0.0001,0,False,2,120,training/finetune/ECG200_df_res/logs/exc32_avev4_tstrat2_tmult4_ststest200_wlen10_stride0_wtst7_wpst1_val0.25_me120_bs128_lr0.0001_rs0_cv2/checkpoints/epoch=64-step=1170.ckpt,141738,141738,training/finetune/ECG200_df_res/logs/exc32_avev4_tstrat2_tmult4_ststest200_wlen10_stride0_wtst7_wpst1_val0.25_me120_bs128_lr0.0001_rs0_cv2/metrics.csv,0.7639999985694885,0.7639999985694885,0.4986769556999206,0.6031323075294495,0.6031323075294495,0.2359898835420608,32,4,2,4,32,32,256,14.158545704558492,2289.486417219043,2303.6449629236013,
df,res,ECG200,0.25,120,128,False,10,7,1,0.0001,0,True,2,120,training/finetune/ECG200_df_res/logs/exc32_avev8_tstrat2_tmult4_ststest200_wlen10_stride0_wtst7_wpst1_val0.25_me120_bs128_lr0.0001_rs0_cv2/checkpoints/epoch=38-step=1404.ckpt,141738,141738,training/finetune/ECG200_df_res/logs/exc32_avev8_tstrat2_tmult4_ststest200_wlen10_stride0_wtst7_wpst1_val0.25_me120_bs128_lr0.0001_rs0_cv2/metrics.csv,0.6205533742904663,0.6205533742904663,0.5185655355453491,0.598056972026825,0.598056972026825,0.246913269162178,32,8,2,4,64,64,256,10.32462235726416,2807.6572619713843,2817.9818843286484,False
df,res,ECG200,0.25,120,128,False,10,7,1,0.0001,0,True,2,120,training/finetune/ECG200_df_res/logs/exc32_avev8_tstrat2_tmult4_ststest200_wlen10_stride1_wtst7_wpst1_val0.25_me120_bs128_lr0.0001_rs0_cv2/checkpoints/epoch=77-step=2808.ckpt,141738,141738,training/finetune/ECG200_df_res/logs/exc32_avev8_tstrat2_tmult4_ststest200_wlen10_stride1_wtst7_wpst1_val0.25_me120_bs128_lr0.0001_rs0_cv2/metrics.csv,0.6357048749923706,0.6357048749923706,0.5373399257659912,0.5626543760299683,0.5626543760299683,0.2812704741954803,32,8,2,4,64,64,256,14.00925962999463,2974.9967505354434,2989.006010165438,True
df,res,ECG200,0.25,120,128,False,10,7,1,0.0001,0,False,2,120,training/finetune/ECG200_df_res/logs/exc32_avev8_tstrat2_tmult4_ststest200_wlen10_stride0_wtst7_wpst1_val0.25_me120_bs128_lr0.0001_rs0_cv2/checkpoints/epoch=65-step=2376.ckpt,141738,141738,training/finetune/ECG200_df_res/logs/exc32_avev8_tstrat2_tmult4_ststest200_wlen10_stride0_wtst7_wpst1_val0.25_me120_bs128_lr0.0001_rs0_cv2/metrics.csv,0.5810276865959167,0.5810276865959167,0.4590106606483459,0.6947143077850342,0.6947143077850342,0.2849152684211731,32,8,2,4,64,64,256,8.746413184329867,7431.505279615521,7440.251692799851,
df,res,ECG200,0.25,120,128,False,10,7,1,0.0001,0,True,2,120,training/finetune/ECG200_df_res/logs/exc32_avev16_tstrat2_tmult4_ststest200_wlen10_stride0_wtst7_wpst1_val0.25_me120_bs128_lr0.0001_rs0_cv2/checkpoints/epoch=74-step=5400.ckpt,141738,141738,training/finetune/ECG200_df_res/logs/exc32_avev16_tstrat2_tmult4_ststest200_wlen10_stride0_wtst7_wpst1_val0.25_me120_bs128_lr0.0001_rs0_cv2/metrics.csv,0.632612943649292,0.632612943649292,0.4782025814056396,0.4167962670326233,0.4167962670326233,0.2573557794094085,32,16,2,4,128,128,256,17.793357841670513,8923.997441401705,8941.790799243376,False
df,res,ECG200,0.25,120,128,False,10,7,1,0.0001,0,False,2,120,training/finetune/ECG200_df_res/logs/exc32_avev16_tstrat2_tmult4_ststest200_wlen10_stride0_wtst7_wpst1_val0.25_me120_bs128_lr0.0001_rs0_cv2/checkpoints/epoch=113-step=8208.ckpt,141738,141738,training/finetune/ECG200_df_res/logs/exc32_avev16_tstrat2_tmult4_ststest200_wlen10_stride0_wtst7_wpst1_val0.25_me120_bs128_lr0.0001_rs0_cv2/metrics.csv,0.6381794214248657,0.6381794214248657,0.4793755412101745,0.5660145878791809,0.5660145878791809,0.2837084829807281,32,16,2,4,128,128,256,13.614168919622898,12484.124682083726,12497.738851003349,
df,res,ECG200,0.25,120,128,False,10,7,1,0.0001,0,True,2,120,training/finetune/ECG200_df_res/logs/exc32_avev16_tstrat2_tmult4_ststest200_wlen10_stride1_wtst7_wpst1_val0.25_me120_bs128_lr0.0001_rs0_cv2/checkpoints/epoch=97-step=7056.ckpt,141738,141738,training/finetune/ECG200_df_res/logs/exc32_avev16_tstrat2_tmult4_ststest200_wlen10_stride1_wtst7_wpst1_val0.25_me120_bs128_lr0.0001_rs0_cv2/metrics.csv,0.6666666865348816,0.6666666865348816,0.4579457342624664,0.5394123196601868,0.5394123196601868,0.264039009809494,32,16,2,4,128,128,256,12.578866701573132,13895.47527395934,13908.054140660912,True
df,res,ECG200,0.25,120,128,False,10,7,1,0.0001,0,True,2,120,training/finetune/ECG200_df_res/logs/exc32_avev32_tstrat2_tmult4_ststest200_wlen10_stride0_wtst7_wpst1_val0.25_me120_bs128_lr0.0001_rs0_cv2/checkpoints/epoch=111-step=16128.ckpt,141738,141738,training/finetune/ECG200_df_res/logs/exc32_avev32_tstrat2_tmult4_ststest200_wlen10_stride0_wtst7_wpst1_val0.25_me120_bs128_lr0.0001_rs0_cv2/metrics.csv,0.7125367522239685,0.7125367522239685,0.5579007267951965,0.5955878496170044,0.5955878496170044,0.2320282757282257,32,32,2,4,200,256,256,12.420128643512726,24796.11576550454,24808.53589414805,False
df,res,ECG200,0.25,120,128,False,10,7,1,0.0001,0,True,2,120,training/finetune/ECG200_df_res/logs/exc32_avev32_tstrat2_tmult4_ststest200_wlen10_stride1_wtst7_wpst1_val0.25_me120_bs128_lr0.0001_rs0_cv2/checkpoints/epoch=92-step=13392.ckpt,141738,141738,training/finetune/ECG200_df_res/logs/exc32_avev32_tstrat2_tmult4_ststest200_wlen10_stride1_wtst7_wpst1_val0.25_me120_bs128_lr0.0001_rs0_cv2/metrics.csv,0.6890303492546082,0.6890303492546082,0.5217722654342651,0.5441476106643677,0.5441476106643677,0.2466924786567688,32,32,2,4,200,256,256,8.322874940931797,26615.118777351454,26623.441652292386,True
