mode,arch,dataset,val_size,max_epochs,batch_size,pretrain_mode,window_length,window_time_stride,window_patt_stride,learning_rate,random_state,pretrained,cv_rep,nepochs,best_model,total_params,trainable_params,metrics_csv,val_acc,val_f1,val_auroc,test_acc,test_f1,test_auroc,exc,train_exc_limit,train_strat_size,train_event_mult,nevents_test,nevents_train_lim,nevents_train_tot,time_dm,time_train,time_total
ts,res,CBF,0.25,120,128,False,30,1,1,0.0001,0,False,4,120,training/finetune/CBF_ts_res/logs/exc32_avev32_tstrat2_tmult4_ststest200_wlen30_val0.25_me120_bs128_lr0.0001_rs0_cv4/checkpoints/epoch=45-step=13248.ckpt,98003,98003,training/finetune/CBF_ts_res/logs/exc32_avev32_tstrat2_tmult4_ststest200_wlen30_val0.25_me120_bs128_lr0.0001_rs0_cv4/metrics.csv,0.5320847034454346,0.5320847034454346,0.3264006376266479,0.4706480503082275,0.4706480503082275,0.2906945347785949,32,32,2,4,200,384,384,16.396708261221647,7668.109701383859,7684.506409645081
ts,res,CBF,0.25,120,128,False,10,1,1,0.0001,0,False,4,120,training/finetune/CBF_ts_res/logs/exc32_avev32_tstrat2_tmult4_ststest200_wlen10_val0.25_me120_bs128_lr0.0001_rs0_cv4/checkpoints/epoch=55-step=16128.ckpt,98003,98003,training/finetune/CBF_ts_res/logs/exc32_avev32_tstrat2_tmult4_ststest200_wlen10_val0.25_me120_bs128_lr0.0001_rs0_cv4/metrics.csv,0.3789173662662506,0.3789173662662506,0.2949562966823578,0.3432725071907043,0.3432725071907043,0.2307258695363998,32,32,2,4,200,384,384,27.882173316553235,8021.674112424254,8049.556285740808
ts,res,CBF,0.25,120,128,False,50,1,1,0.0001,0,False,4,120,training/finetune/CBF_ts_res/logs/exc32_avev32_tstrat2_tmult4_ststest200_wlen50_val0.25_me120_bs128_lr0.0001_rs0_cv4/checkpoints/epoch=32-step=9504.ckpt,98003,98003,training/finetune/CBF_ts_res/logs/exc32_avev32_tstrat2_tmult4_ststest200_wlen50_val0.25_me120_bs128_lr0.0001_rs0_cv4/metrics.csv,0.6540122032165527,0.6540122032165527,0.3808225691318512,0.6145054697990417,0.6145054697990417,0.3437749743461609,32,32,2,4,200,384,384,20.002029564231638,10675.726525140926,10695.728554705158
ts,res,CBF,0.25,120,128,False,70,1,1,0.0001,0,False,4,120,training/finetune/CBF_ts_res/logs/exc32_avev32_tstrat2_tmult4_ststest200_wlen70_val0.25_me120_bs128_lr0.0001_rs0_cv4/checkpoints/epoch=96-step=27936.ckpt,98003,98003,training/finetune/CBF_ts_res/logs/exc32_avev32_tstrat2_tmult4_ststest200_wlen70_val0.25_me120_bs128_lr0.0001_rs0_cv4/metrics.csv,0.693724513053894,0.693724513053894,0.3847923278808594,0.6449527740478516,0.6449527740478516,0.3666822910308838,32,32,2,4,200,384,384,22.212349152192473,11189.72522963211,11211.937578784302
