mode,arch,dataset,val_size,max_epochs,batch_size,pretrain_mode,window_length,window_time_stride,window_patt_stride,learning_rate,random_state,pretrained,cv_rep,nepochs,best_model,total_params,trainable_params,metrics_csv,val_acc,val_f1,val_auroc,test_acc,test_f1,test_auroc,exc,train_exc_limit,train_strat_size,train_event_mult,nevents_test,nevents_train_lim,nevents_train_tot,time_dm,time_train,time_total
ts,rnn,Trace,0.25,120,128,False,10,1,1,0.0001,0,False,0,120,training/finetune/Trace_ts_rnn/logs/exc32_avev32_tstrat2_tmult4_ststest200_wlen10_val0.25_me120_bs128_lr0.0001_rs0_cv0/checkpoints/epoch=18-step=7847.ckpt,105874,105874,training/finetune/Trace_ts_rnn/logs/exc32_avev32_tstrat2_tmult4_ststest200_wlen10_val0.25_me120_bs128_lr0.0001_rs0_cv0/metrics.csv,0.5320224761962891,0.5320224761962891,0.1401983797550201,0.4859335422515869,0.4859335422515869,0.1215863823890686,32,32,2,4,200,256,256,81.38654004409909,12194.806593714282,12276.19313375838
ts,rnn,Trace,0.25,120,128,False,50,1,1,0.0001,0,False,0,120,training/finetune/Trace_ts_rnn/logs/exc32_avev32_tstrat2_tmult4_ststest200_wlen50_val0.25_me120_bs128_lr0.0001_rs0_cv0/checkpoints/epoch=8-step=3717.ckpt,310674,310674,training/finetune/Trace_ts_rnn/logs/exc32_avev32_tstrat2_tmult4_ststest200_wlen50_val0.25_me120_bs128_lr0.0001_rs0_cv0/metrics.csv,0.6059589385986328,0.6059589385986328,0.1426481306552887,0.5692187547683716,0.5692187547683716,0.1184595897793769,32,32,2,4,200,256,256,43.955128541216254,16546.308883801103,16590.26401234232
ts,rnn,Trace,0.25,120,128,False,30,1,1,0.0001,0,False,0,120,training/finetune/Trace_ts_rnn/logs/exc32_avev32_tstrat2_tmult4_ststest200_wlen30_val0.25_me120_bs128_lr0.0001_rs0_cv0/checkpoints/epoch=3-step=1652.ckpt,208274,208274,training/finetune/Trace_ts_rnn/logs/exc32_avev32_tstrat2_tmult4_ststest200_wlen30_val0.25_me120_bs128_lr0.0001_rs0_cv0/metrics.csv,0.5493974685668945,0.5493974685668945,0.1401001065969467,0.5646273493766785,0.5646273493766785,0.1217816472053527,32,32,2,4,200,256,256,84.23704615305178,21321.5748604578,21405.81190661085
ts,rnn,Trace,0.25,120,128,False,70,1,1,0.0001,0,False,0,120,training/finetune/Trace_ts_rnn/logs/exc32_avev32_tstrat2_tmult4_ststest200_wlen70_val0.25_me120_bs128_lr0.0001_rs0_cv0/checkpoints/epoch=6-step=2891.ckpt,413074,413074,training/finetune/Trace_ts_rnn/logs/exc32_avev32_tstrat2_tmult4_ststest200_wlen70_val0.25_me120_bs128_lr0.0001_rs0_cv0/metrics.csv,0.606017529964447,0.606017529964447,0.1493382602930069,0.5248411297798157,0.5248411297798157,0.12185226380825043,32,32,2,4,200,256,256,58.567771496251225,25708.92950007692,25767.49727157317
