mode,arch,dataset,val_size,max_epochs,batch_size,pretrain_mode,window_length,window_time_stride,window_patt_stride,learning_rate,random_state,pretrained,cv_rep,nepochs,best_model,total_params,trainable_params,metrics_csv,val_acc,val_f1,val_auroc,test_acc,test_f1,test_auroc,exc,train_exc_limit,train_strat_size,train_event_mult,nevents_test,nevents_train_lim,nevents_train_tot,time_dm,time_train,time_total
ts,rnn,ArrowHead,0.25,120,128,False,10,1,1,0.0001,0,False,1,120,training/finetune/ArrowHead_ts_rnn/logs/exc32_avev32_tstrat2_tmult4_ststest200_wlen10_val0.25_me120_bs128_lr0.0001_rs0_cv1/checkpoints/epoch=6-step=3955.ckpt,105939,105939,training/finetune/ArrowHead_ts_rnn/logs/exc32_avev32_tstrat2_tmult4_ststest200_wlen10_val0.25_me120_bs128_lr0.0001_rs0_cv1/metrics.csv,0.3630930185317993,0.3630930185317993,0.1393118500709533,0.3546992242336273,0.3546992242336273,0.1133437976241111,32,32,2,4,200,384,384,103.24141900241376,33914.23377883434,34017.47519783676
ts,rnn,ArrowHead,0.25,120,128,False,70,1,1,0.0001,0,False,1,120,training/finetune/ArrowHead_ts_rnn/logs/exc32_avev32_tstrat2_tmult4_ststest200_wlen70_val0.25_me120_bs128_lr0.0001_rs0_cv1/checkpoints/epoch=38-step=22035.ckpt,413139,413139,training/finetune/ArrowHead_ts_rnn/logs/exc32_avev32_tstrat2_tmult4_ststest200_wlen70_val0.25_me120_bs128_lr0.0001_rs0_cv1/metrics.csv,0.4264889061450958,0.4264889061450958,0.1593258529901504,0.3666340708732605,0.3666340708732605,0.1174853667616844,32,32,2,4,200,384,384,91.45696247369052,55205.19914562628,55296.65610809997
ts,rnn,ArrowHead,0.25,120,128,False,50,1,1,0.0001,0,False,1,120,training/finetune/ArrowHead_ts_rnn/logs/exc32_avev32_tstrat2_tmult4_ststest200_wlen50_val0.25_me120_bs128_lr0.0001_rs0_cv1/checkpoints/epoch=7-step=4520.ckpt,310739,310739,training/finetune/ArrowHead_ts_rnn/logs/exc32_avev32_tstrat2_tmult4_ststest200_wlen50_val0.25_me120_bs128_lr0.0001_rs0_cv1/metrics.csv,0.3879500031471252,0.3879500031471252,0.1414704173803329,0.3108337223529815,0.3108337223529815,0.1155718639492988,32,32,2,4,200,384,384,73.2933307159692,130608.42341740988,130681.71674812584
ts,rnn,ArrowHead,0.25,120,128,False,30,1,1,0.0001,0,False,1,120,training/finetune/ArrowHead_ts_rnn/logs/exc32_avev32_tstrat2_tmult4_ststest200_wlen30_val0.25_me120_bs128_lr0.0001_rs0_cv1/checkpoints/epoch=58-step=33335.ckpt,208339,208339,training/finetune/ArrowHead_ts_rnn/logs/exc32_avev32_tstrat2_tmult4_ststest200_wlen30_val0.25_me120_bs128_lr0.0001_rs0_cv1/metrics.csv,0.3893224895000458,0.3893224895000458,0.1533363312482834,0.3109888434410095,0.3109888434410095,0.11374538391828537,32,32,2,4,200,384,384,57.823333660140634,151499.70212102495,151557.5254546851
