mode,arch,dataset,val_size,max_epochs,batch_size,pretrain_mode,window_length,window_time_stride,window_patt_stride,learning_rate,random_state,pretrained,cv_rep,nepochs,best_model,total_params,trainable_params,metrics_csv,val_acc,val_f1,val_auroc,test_acc,test_f1,test_auroc,exc,train_exc_limit,train_strat_size,train_event_mult,nevents_test,nevents_train_lim,nevents_train_tot,time_dm,time_train,time_total,stride_series
df,cnn,ECG200,0.25,120,128,False,10,5,1,0.0001,0,False,4,120,training/finetune/ECG200_df_cnn/logs/exc32_avev32_tstrat2_tmult4_ststest200_wlen10_stride0_wtst5_wpst1_val0.25_me120_bs128_lr0.0001_rs0_cv4/checkpoints/epoch=19-step=2880.ckpt,185884,185884,training/finetune/ECG200_df_cnn/logs/exc32_avev32_tstrat2_tmult4_ststest200_wlen10_stride0_wtst5_wpst1_val0.25_me120_bs128_lr0.0001_rs0_cv4/metrics.csv,0.6931985020637512,0.6931985020637512,0.5011392831802368,0.5613870024681091,0.5613870024681091,0.3513686954975128,32,32,2,4,200,256,256,6.0522406958043575,1567.9632868766785,1574.0155275724828,
df,cnn,ECG200,0.25,120,128,False,10,3,1,0.0001,0,False,4,120,training/finetune/ECG200_df_cnn/logs/exc32_avev32_tstrat2_tmult4_ststest200_wlen10_stride0_wtst3_wpst1_val0.25_me120_bs128_lr0.0001_rs0_cv4/checkpoints/epoch=23-step=3456.ckpt,185884,185884,training/finetune/ECG200_df_cnn/logs/exc32_avev32_tstrat2_tmult4_ststest200_wlen10_stride0_wtst3_wpst1_val0.25_me120_bs128_lr0.0001_rs0_cv4/metrics.csv,0.6976857781410217,0.6976857781410217,0.5151859521865845,0.5896499752998352,0.5896499752998352,0.3557367920875549,32,32,2,4,200,256,256,6.669503750279546,2276.61492552422,2283.2844292744994,
df,cnn,ECG200,0.25,120,128,False,10,7,1,0.0001,0,False,4,120,training/finetune/ECG200_df_cnn/logs/exc32_avev32_tstrat2_tmult4_ststest200_wlen10_stride0_wtst7_wpst1_val0.25_me120_bs128_lr0.0001_rs0_cv4/checkpoints/epoch=26-step=3888.ckpt,185884,185884,training/finetune/ECG200_df_cnn/logs/exc32_avev32_tstrat2_tmult4_ststest200_wlen10_stride0_wtst7_wpst1_val0.25_me120_bs128_lr0.0001_rs0_cv4/metrics.csv,0.6637283563613892,0.6637283563613892,0.5024909973144531,0.5548643469810486,0.5548643469810486,0.3337664902210235,32,32,2,4,200,256,256,7.371623208746314,3650.7196150161326,3658.091238224879,
df,cnn,ECG200,0.25,120,128,False,10,1,1,0.0001,0,False,4,120,training/finetune/ECG200_df_cnn/logs/exc32_avev32_tstrat2_tmult4_ststest200_wlen10_stride0_wtst1_wpst1_val0.25_me120_bs128_lr0.0001_rs0_cv4/checkpoints/epoch=70-step=10224.ckpt,185884,185884,training/finetune/ECG200_df_cnn/logs/exc32_avev32_tstrat2_tmult4_ststest200_wlen10_stride0_wtst1_wpst1_val0.25_me120_bs128_lr0.0001_rs0_cv4/metrics.csv,0.7034685015678406,0.7034685015678406,0.5137289762496948,0.6246808171272278,0.6246808171272278,0.3469898700714111,32,32,2,4,200,256,256,7.754136459901929,5115.165030227974,5122.919166687876,
df,cnn,ECG200,0.25,120,128,False,10,7,1,0.0001,0,True,4,120,training/finetune/ECG200_df_cnn/logs/exc32_avev4_tstrat2_tmult4_ststest200_wlen10_stride1_wtst7_wpst1_val0.25_me120_bs128_lr0.0001_rs0_cv4/checkpoints/epoch=15-step=288.ckpt,185884,185884,training/finetune/ECG200_df_cnn/logs/exc32_avev4_tstrat2_tmult4_ststest200_wlen10_stride1_wtst7_wpst1_val0.25_me120_bs128_lr0.0001_rs0_cv4/metrics.csv,0.6986666917800903,0.6986666917800903,0.5084233283996582,0.5291569232940674,0.5291569232940674,0.2485790252685547,32,4,2,4,32,32,256,9.14319046959281,158.48377731628716,167.62696778587997,True
df,cnn,ECG200,0.25,120,128,False,10,7,1,0.0001,0,False,4,120,training/finetune/ECG200_df_cnn/logs/exc32_avev4_tstrat2_tmult4_ststest200_wlen10_stride0_wtst7_wpst1_val0.25_me120_bs128_lr0.0001_rs0_cv4/checkpoints/epoch=93-step=1692.ckpt,185884,185884,training/finetune/ECG200_df_cnn/logs/exc32_avev4_tstrat2_tmult4_ststest200_wlen10_stride0_wtst7_wpst1_val0.25_me120_bs128_lr0.0001_rs0_cv4/metrics.csv,0.6333333253860474,0.6333333253860474,0.4805594384670257,0.6304565072059631,0.6304565072059631,0.2330729216337204,32,4,2,4,32,32,256,10.72283573448658,360.5710462741554,371.293882008642,
df,cnn,ECG200,0.25,120,128,False,10,7,1,0.0001,0,True,4,120,training/finetune/ECG200_df_cnn/logs/exc32_avev4_tstrat2_tmult4_ststest200_wlen10_stride0_wtst7_wpst1_val0.25_me120_bs128_lr0.0001_rs0_cv4/checkpoints/epoch=14-step=270.ckpt,185884,185884,training/finetune/ECG200_df_cnn/logs/exc32_avev4_tstrat2_tmult4_ststest200_wlen10_stride0_wtst7_wpst1_val0.25_me120_bs128_lr0.0001_rs0_cv4/metrics.csv,0.6919999718666077,0.6919999718666077,0.4921182990074157,0.542819082736969,0.542819082736969,0.2394796013832092,32,4,2,4,32,32,256,8.462446892634034,472.4989566821605,480.9614035747945,False
df,cnn,ECG200,0.25,120,128,False,10,7,1,0.0001,0,True,4,120,training/finetune/ECG200_df_cnn/logs/exc32_avev8_tstrat2_tmult4_ststest200_wlen10_stride0_wtst7_wpst1_val0.25_me120_bs128_lr0.0001_rs0_cv4/checkpoints/epoch=4-step=180.ckpt,185884,185884,training/finetune/ECG200_df_cnn/logs/exc32_avev8_tstrat2_tmult4_ststest200_wlen10_stride0_wtst7_wpst1_val0.25_me120_bs128_lr0.0001_rs0_cv4/metrics.csv,0.7569169998168945,0.7569169998168945,0.7461122274398804,0.5331796407699585,0.5331796407699585,0.2260933369398117,32,8,2,4,64,64,256,8.661467427387834,349.18799868039787,357.8494661077857,False
df,cnn,ECG200,0.25,120,128,False,10,7,1,0.0001,0,False,4,120,training/finetune/ECG200_df_cnn/logs/exc32_avev16_tstrat2_tmult4_ststest200_wlen10_stride0_wtst7_wpst1_val0.25_me120_bs128_lr0.0001_rs0_cv4/checkpoints/epoch=5-step=432.ckpt,185884,185884,training/finetune/ECG200_df_cnn/logs/exc32_avev16_tstrat2_tmult4_ststest200_wlen10_stride0_wtst7_wpst1_val0.25_me120_bs128_lr0.0001_rs0_cv4/metrics.csv,0.515717089176178,0.515717089176178,0.3265994787216186,0.5878693461418152,0.5878693461418152,0.2557936608791351,32,16,2,4,128,128,256,8.852640274912119,615.1648830454797,624.0175233203918,
df,cnn,ECG200,0.25,120,128,False,10,7,1,0.0001,0,False,4,120,training/finetune/ECG200_df_cnn/logs/exc32_avev8_tstrat2_tmult4_ststest200_wlen10_stride0_wtst7_wpst1_val0.25_me120_bs128_lr0.0001_rs0_cv4/checkpoints/epoch=18-step=684.ckpt,185884,185884,training/finetune/ECG200_df_cnn/logs/exc32_avev8_tstrat2_tmult4_ststest200_wlen10_stride0_wtst7_wpst1_val0.25_me120_bs128_lr0.0001_rs0_cv4/metrics.csv,0.686429500579834,0.686429500579834,0.6896458864212036,0.4893792271614074,0.4893792271614074,0.171171560883522,32,8,2,4,64,64,256,9.387443671002984,879.2411766145378,888.6286202855408,
df,cnn,ECG200,0.25,120,128,False,10,7,1,0.0001,0,True,4,120,training/finetune/ECG200_df_cnn/logs/exc32_avev8_tstrat2_tmult4_ststest200_wlen10_stride1_wtst7_wpst1_val0.25_me120_bs128_lr0.0001_rs0_cv4/checkpoints/epoch=5-step=216.ckpt,185884,185884,training/finetune/ECG200_df_cnn/logs/exc32_avev8_tstrat2_tmult4_ststest200_wlen10_stride1_wtst7_wpst1_val0.25_me120_bs128_lr0.0001_rs0_cv4/metrics.csv,0.7239789366722107,0.7239789366722107,0.7045704126358032,0.534661591053009,0.534661591053009,0.2250442057847976,32,8,2,4,64,64,256,11.82360470108688,846.2305956985801,858.054200399667,True
df,cnn,ECG200,0.25,120,128,False,10,7,1,0.0001,0,True,4,120,training/finetune/ECG200_df_cnn/logs/exc32_avev16_tstrat2_tmult4_ststest200_wlen10_stride0_wtst7_wpst1_val0.25_me120_bs128_lr0.0001_rs0_cv4/checkpoints/epoch=114-step=8280.ckpt,185884,185884,training/finetune/ECG200_df_cnn/logs/exc32_avev16_tstrat2_tmult4_ststest200_wlen10_stride0_wtst7_wpst1_val0.25_me120_bs128_lr0.0001_rs0_cv4/metrics.csv,0.525212824344635,0.525212824344635,0.4097640514373779,0.588442325592041,0.588442325592041,0.2827214002609253,32,16,2,4,128,128,256,9.215517934411764,1000.7334723696111,1009.948990304023,False
df,cnn,ECG200,0.25,120,128,False,10,7,1,0.0001,0,True,4,120,training/finetune/ECG200_df_cnn/logs/exc32_avev16_tstrat2_tmult4_ststest200_wlen10_stride1_wtst7_wpst1_val0.25_me120_bs128_lr0.0001_rs0_cv4/checkpoints/epoch=119-step=8640.ckpt,185884,185884,training/finetune/ECG200_df_cnn/logs/exc32_avev16_tstrat2_tmult4_ststest200_wlen10_stride1_wtst7_wpst1_val0.25_me120_bs128_lr0.0001_rs0_cv4/metrics.csv,0.5442042946815491,0.5442042946815491,0.3881324231624603,0.6129983067512512,0.6129983067512512,0.2580946385860443,32,16,2,4,128,128,256,11.41115553304553,633.1102811209857,644.5214366540313,True
df,cnn,ECG200,0.25,120,128,False,10,7,1,0.0001,0,True,4,120,training/finetune/ECG200_df_cnn/logs/exc32_avev32_tstrat2_tmult4_ststest200_wlen10_stride0_wtst7_wpst1_val0.25_me120_bs128_lr0.0001_rs0_cv4/checkpoints/epoch=23-step=3456.ckpt,185884,185884,training/finetune/ECG200_df_cnn/logs/exc32_avev32_tstrat2_tmult4_ststest200_wlen10_stride0_wtst7_wpst1_val0.25_me120_bs128_lr0.0001_rs0_cv4/metrics.csv,0.7002938389778137,0.7002938389778137,0.530856728553772,0.6515238881111145,0.6515238881111145,0.3469056785106659,32,32,2,4,200,256,256,8.305553456768394,1990.092305770144,1998.3978592269125,False
df,cnn,ECG200,0.25,120,128,False,10,7,1,0.0001,0,True,4,120,training/finetune/ECG200_df_cnn/logs/exc32_avev32_tstrat2_tmult4_ststest200_wlen10_stride1_wtst7_wpst1_val0.25_me120_bs128_lr0.0001_rs0_cv4/checkpoints/epoch=94-step=13680.ckpt,185884,185884,training/finetune/ECG200_df_cnn/logs/exc32_avev32_tstrat2_tmult4_ststest200_wlen10_stride1_wtst7_wpst1_val0.25_me120_bs128_lr0.0001_rs0_cv4/metrics.csv,0.7063336372375488,0.7063336372375488,0.5197261571884155,0.6663181781768799,0.6663181781768799,0.36415690183639526,32,32,2,4,200,256,256,6.057590741664171,1633.077191632241,1639.1347823739052,True
