mode,arch,dataset,val_size,max_epochs,batch_size,pretrain_mode,window_length,window_time_stride,window_patt_stride,learning_rate,random_state,pretrained,cv_rep,nepochs,best_model,total_params,trainable_params,metrics_csv,val_acc,val_f1,val_auroc,test_acc,test_f1,test_auroc,exc,train_exc_limit,train_strat_size,train_event_mult,nevents_test,nevents_train_lim,nevents_train_tot,time_dm,time_train,time_total
ts,cnn,ArrowHead,0.25,120,128,False,10,1,1,0.0001,0,False,0,120,training/finetune/ArrowHead_ts_cnn/logs/exc32_avev32_tstrat2_tmult4_ststest200_wlen10_val0.25_me120_bs128_lr0.0001_rs0_cv0/checkpoints/epoch=86-step=49155.ckpt,106355,106355,training/finetune/ArrowHead_ts_cnn/logs/exc32_avev32_tstrat2_tmult4_ststest200_wlen10_val0.25_me120_bs128_lr0.0001_rs0_cv0/metrics.csv,0.3744240999221802,0.3744240999221802,0.1552822142839431,0.3441391587257385,0.3441391587257385,0.1173167377710342,32,32,2,4,200,384,384,68.20237935893238,38552.72429344989,38620.926672808826
ts,cnn,ArrowHead,0.25,120,128,False,30,1,1,0.0001,0,False,0,120,training/finetune/ArrowHead_ts_cnn/logs/exc32_avev32_tstrat2_tmult4_ststest200_wlen30_val0.25_me120_bs128_lr0.0001_rs0_cv0/checkpoints/epoch=82-step=46895.ckpt,167795,167795,training/finetune/ArrowHead_ts_cnn/logs/exc32_avev32_tstrat2_tmult4_ststest200_wlen30_val0.25_me120_bs128_lr0.0001_rs0_cv0/metrics.csv,0.4212886095046997,0.4212886095046997,0.1682130545377731,0.3954035341739654,0.3954035341739654,0.132536843419075,32,32,2,4,200,384,384,58.22148753516376,39201.46452816762,39259.686015702784
ts,cnn,ArrowHead,0.25,120,128,False,50,1,1,0.0001,0,False,0,120,training/finetune/ArrowHead_ts_cnn/logs/exc32_avev32_tstrat2_tmult4_ststest200_wlen50_val0.25_me120_bs128_lr0.0001_rs0_cv0/checkpoints/epoch=72-step=41245.ckpt,229235,229235,training/finetune/ArrowHead_ts_cnn/logs/exc32_avev32_tstrat2_tmult4_ststest200_wlen50_val0.25_me120_bs128_lr0.0001_rs0_cv0/metrics.csv,0.4331271052360534,0.4331271052360534,0.1724532395601272,0.3955612182617187,0.3955612182617187,0.1268808841705322,32,32,2,4,200,384,384,70.65518498979509,43796.18875501864,43866.84394000843
ts,cnn,ArrowHead,0.25,120,128,False,70,1,1,0.0001,0,False,0,120,training/finetune/ArrowHead_ts_cnn/logs/exc32_avev32_tstrat2_tmult4_ststest200_wlen70_val0.25_me120_bs128_lr0.0001_rs0_cv0/checkpoints/epoch=117-step=66670.ckpt,290675,290675,training/finetune/ArrowHead_ts_cnn/logs/exc32_avev32_tstrat2_tmult4_ststest200_wlen70_val0.25_me120_bs128_lr0.0001_rs0_cv0/metrics.csv,0.4166043698787689,0.4166043698787689,0.17188113927841187,0.39524027705192566,0.39524027705192566,0.1208503320813179,32,32,2,4,200,384,384,65.14817513152957,47978.67703814618,48043.82521327771
